bopomofo,bopomofo_non_accent,pinyin,pinyin_non_accent
ㄚ,ㄚ,a,a
ㄚˊ,ㄚ,a2,a
ㄚˋ,ㄚ,a4,a
˙ㄚ,ㄚ,a5,a
ㄞ,ㄞ,ai,ai
ㄞˊ,ㄞ,ai2,ai
ㄞˇ,ㄞ,ai3,ai
ㄞˋ,ㄞ,ai4,ai
ㄢ,ㄢ,an,an
ㄢˊ,ㄢ,an2,an
ㄢˇ,ㄢ,an3,an
ㄢˋ,ㄢ,an4,an
ㄤ,ㄤ,ang,ang
ㄤˊ,ㄤ,ang2,ang
ㄤˇ,ㄤ,ang3,ang
ㄤˋ,ㄤ,ang4,ang
ㄠ,ㄠ,ao,ao
ㄠˊ,ㄠ,ao2,ao
ㄠˇ,ㄠ,ao3,ao
ㄠˋ,ㄠ,ao4,ao
ㄅㄚ,ㄅㄚ,ba,ba
ㄅㄚˊ,ㄅㄚ,ba2,ba
ㄅㄚˇ,ㄅㄚ,ba3,ba
ㄅㄚˋ,ㄅㄚ,ba4,ba
˙ㄅㄚ,ㄅㄚ,ba5,ba
ㄅㄞ,ㄅㄞ,bai,bai
ㄅㄞˊ,ㄅㄞ,bai2,bai
ㄅㄞˇ,ㄅㄞ,bai3,bai
ㄅㄞˋ,ㄅㄞ,bai4,bai
˙ㄅㄞ,ㄅㄞ,bai5,bai
ㄅㄢ,ㄅㄢ,ban,ban
ㄅㄢˇ,ㄅㄢ,ban3,ban
ㄅㄢˋ,ㄅㄢ,ban4,ban
ㄅㄤ,ㄅㄤ,bang,bang
ㄅㄤˇ,ㄅㄤ,bang3,bang
ㄅㄤˋ,ㄅㄤ,bang4,bang
ㄅㄠ,ㄅㄠ,bao,bao
ㄅㄠˊ,ㄅㄠ,bao2,bao
ㄅㄠˇ,ㄅㄠ,bao3,bao
ㄅㄠˋ,ㄅㄠ,bao4,bao
ㄅㄟ,ㄅㄟ,bei,bei
ㄅㄟˇ,ㄅㄟ,bei3,bei
ㄅㄟˋ,ㄅㄟ,bei4,bei
˙ㄅㄟ,ㄅㄟ,bei5,bei
ㄅㄣ,ㄅㄣ,ben,ben
ㄅㄣˇ,ㄅㄣ,ben3,ben
ㄅㄣˋ,ㄅㄣ,ben4,ben
ㄅㄥ,ㄅㄥ,beng,beng
ㄅㄥˊ,ㄅㄥ,beng2,beng
ㄅㄥˇ,ㄅㄥ,beng3,beng
ㄅㄥˋ,ㄅㄥ,beng4,beng
ㄅㄧ,ㄅㄧ,bi,bi
ㄅㄧˊ,ㄅㄧ,bi2,bi
ㄅㄧˇ,ㄅㄧ,bi3,bi
ㄅㄧˋ,ㄅㄧ,bi4,bi
ㄅㄧㄢ,ㄅㄧㄢ,bian,bian
ㄅㄧㄢˊ,ㄅㄧㄢ,bian2,bian
ㄅㄧㄢˇ,ㄅㄧㄢ,bian3,bian
ㄅㄧㄢˋ,ㄅㄧㄢ,bian4,bian
ㄅㄧㄠ,ㄅㄧㄠ,biao,biao
ㄅㄧㄠˇ,ㄅㄧㄠ,biao3,biao
ㄅㄧㄠˋ,ㄅㄧㄠ,biao4,biao
ㄅㄧㄝ,ㄅㄧㄝ,bie,bie
ㄅㄧㄝˊ,ㄅㄧㄝ,bie2,bie
ㄅㄧㄝˇ,ㄅㄧㄝ,bie3,bie
ㄅㄧㄝˋ,ㄅㄧㄝ,bie4,bie
ㄅㄧㄣ,ㄅㄧㄣ,bin,bin
ㄅㄧㄣˇ,ㄅㄧㄣ,bin3,bin
ㄅㄧㄣˋ,ㄅㄧㄣ,bin4,bin
ㄅㄧㄥ,ㄅㄧㄥ,bing,bing
ㄅㄧㄥˇ,ㄅㄧㄥ,bing3,bing
ㄅㄧㄥˋ,ㄅㄧㄥ,bing4,bing
ㄅㄛ,ㄅㄛ,bo,bo
ㄅㄛˊ,ㄅㄛ,bo2,bo
ㄅㄛˇ,ㄅㄛ,bo3,bo
ㄅㄛˋ,ㄅㄛ,bo4,bo
˙ㄅㄛ,ㄅㄛ,bo5,bo
ㄅㄨ,ㄅㄨ,bu,bu
ㄅㄨˊ,ㄅㄨ,bu2,bu
ㄅㄨˇ,ㄅㄨ,bu3,bu
ㄅㄨˋ,ㄅㄨ,bu4,bu
ㄘㄚ,ㄘㄚ,ca,ca
ㄘㄚˇ,ㄘㄚ,ca3,ca
ㄘㄚˋ,ㄘㄚ,ca4,ca
ㄘㄞ,ㄘㄞ,cai,cai
ㄘㄞˊ,ㄘㄞ,cai2,cai
ㄘㄞˇ,ㄘㄞ,cai3,cai
ㄘㄞˋ,ㄘㄞ,cai4,cai
ㄘㄢ,ㄘㄢ,can,can
ㄘㄢˊ,ㄘㄢ,can2,can
ㄘㄢˇ,ㄘㄢ,can3,can
ㄘㄢˋ,ㄘㄢ,can4,can
ㄘㄤ,ㄘㄤ,cang,cang
ㄘㄤˊ,ㄘㄤ,cang2,cang
ㄘㄤˇ,ㄘㄤ,cang3,cang
ㄘㄤˋ,ㄘㄤ,cang4,cang
ㄘㄠ,ㄘㄠ,cao,cao
ㄘㄠˊ,ㄘㄠ,cao2,cao
ㄘㄠˇ,ㄘㄠ,cao3,cao
ㄘㄠˋ,ㄘㄠ,cao4,cao
ㄘㄜˋ,ㄘㄜ,ce4,ce
ㄘㄣ,ㄘㄣ,cen,cen
ㄘㄣˊ,ㄘㄣ,cen2,cen
ㄘㄥ,ㄘㄥ,ceng,ceng
ㄘㄥˊ,ㄘㄥ,ceng2,ceng
ㄘㄥˇ,ㄘㄥ,ceng3,ceng
ㄘㄥˋ,ㄘㄥ,ceng4,ceng
ㄔㄚ,ㄔㄚ,cha,cha
ㄔㄚˊ,ㄔㄚ,cha2,cha
ㄔㄚˇ,ㄔㄚ,cha3,cha
ㄔㄚˋ,ㄔㄚ,cha4,cha
ㄔㄞ,ㄔㄞ,chai,chai
ㄔㄞˊ,ㄔㄞ,chai2,chai
ㄔㄞˇ,ㄔㄞ,chai3,chai
ㄔㄞˋ,ㄔㄞ,chai4,chai
ㄔㄢ,ㄔㄢ,chan,chan
ㄔㄢˊ,ㄔㄢ,chan2,chan
ㄔㄢˇ,ㄔㄢ,chan3,chan
ㄔㄢˋ,ㄔㄢ,chan4,chan
ㄔㄤ,ㄔㄤ,chang,chang
ㄔㄤˊ,ㄔㄤ,chang2,chang
ㄔㄤˇ,ㄔㄤ,chang3,chang
ㄔㄤˋ,ㄔㄤ,chang4,chang
ㄔㄠ,ㄔㄠ,chao,chao
ㄔㄠˊ,ㄔㄠ,chao2,chao
ㄔㄠˇ,ㄔㄠ,chao3,chao
ㄔㄠˋ,ㄔㄠ,chao4,chao
ㄔㄜ,ㄔㄜ,che,che
ㄔㄜˇ,ㄔㄜ,che3,che
ㄔㄜˋ,ㄔㄜ,che4,che
ㄔㄣ,ㄔㄣ,chen,chen
ㄔㄣˊ,ㄔㄣ,chen2,chen
ㄔㄣˇ,ㄔㄣ,chen3,chen
ㄔㄣˋ,ㄔㄣ,chen4,chen
˙ㄔㄣ,ㄔㄣ,chen5,chen
ㄔㄥ,ㄔㄥ,cheng,cheng
ㄔㄥˊ,ㄔㄥ,cheng2,cheng
ㄔㄥˇ,ㄔㄥ,cheng3,cheng
ㄔㄥˋ,ㄔㄥ,cheng4,cheng
ㄔ,ㄔ,chi,chi
ㄔˊ,ㄔ,chi2,chi
ㄔˇ,ㄔ,chi3,chi
ㄔˋ,ㄔ,chi4,chi
ㄔㄨㄥ,ㄔㄨㄥ,chong,chong
ㄔㄨㄥˊ,ㄔㄨㄥ,chong2,chong
ㄔㄨㄥˇ,ㄔㄨㄥ,chong3,chong
ㄔㄨㄥˋ,ㄔㄨㄥ,chong4,chong
ㄔㄡ,ㄔㄡ,chou,chou
ㄔㄡˊ,ㄔㄡ,chou2,chou
ㄔㄡˇ,ㄔㄡ,chou3,chou
ㄔㄡˋ,ㄔㄡ,chou4,chou
ㄔㄨ,ㄔㄨ,chu,chu
ㄔㄨˊ,ㄔㄨ,chu2,chu
ㄔㄨˇ,ㄔㄨ,chu3,chu
ㄔㄨˋ,ㄔㄨ,chu4,chu
ㄔㄨㄚ,ㄔㄨㄚ,chua,chua
ㄔㄨㄚˇ,ㄔㄨㄚ,chua3,chua
ㄔㄨㄚˋ,ㄔㄨㄚ,chua4,chua
ㄔㄨㄞ,ㄔㄨㄞ,chuai,chuai
ㄔㄨㄞˊ,ㄔㄨㄞ,chuai2,chuai
ㄔㄨㄞˇ,ㄔㄨㄞ,chuai3,chuai
ㄔㄨㄞˋ,ㄔㄨㄞ,chuai4,chuai
ㄔㄨㄢ,ㄔㄨㄢ,chuan,chuan
ㄔㄨㄢˊ,ㄔㄨㄢ,chuan2,chuan
ㄔㄨㄢˇ,ㄔㄨㄢ,chuan3,chuan
ㄔㄨㄢˋ,ㄔㄨㄢ,chuan4,chuan
ㄔㄨㄤ,ㄔㄨㄤ,chuang,chuang
ㄔㄨㄤˊ,ㄔㄨㄤ,chuang2,chuang
ㄔㄨㄤˇ,ㄔㄨㄤ,chuang3,chuang
ㄔㄨㄤˋ,ㄔㄨㄤ,chuang4,chuang
ㄔㄨㄟ,ㄔㄨㄟ,chui,chui
ㄔㄨㄟˊ,ㄔㄨㄟ,chui2,chui
ㄔㄨㄟˇ,ㄔㄨㄟ,chui3,chui
ㄔㄨㄟˋ,ㄔㄨㄟ,chui4,chui
ㄔㄨㄣ,ㄔㄨㄣ,chun,chun
ㄔㄨㄣˊ,ㄔㄨㄣ,chun2,chun
ㄔㄨㄣˇ,ㄔㄨㄣ,chun3,chun
ㄔㄨㄛ,ㄔㄨㄛ,chuo,chuo
ㄔㄨㄛˋ,ㄔㄨㄛ,chuo4,chuo
ㄘ,ㄘ,ci,ci
ㄘˊ,ㄘ,ci2,ci
ㄘˇ,ㄘ,ci3,ci
ㄘˋ,ㄘ,ci4,ci
ㄘㄨㄥ,ㄘㄨㄥ,cong,cong
ㄘㄨㄥˊ,ㄘㄨㄥ,cong2,cong
ㄘㄨㄥˇ,ㄘㄨㄥ,cong3,cong
ㄘㄨㄥˋ,ㄘㄨㄥ,cong4,cong
ㄘㄡ,ㄘㄡ,cou,cou
ㄘㄡˊ,ㄘㄡ,cou2,cou
ㄘㄡˇ,ㄘㄡ,cou3,cou
ㄘㄡˋ,ㄘㄡ,cou4,cou
ㄘㄨ,ㄘㄨ,cu,cu
ㄘㄨˊ,ㄘㄨ,cu2,cu
ㄘㄨˇ,ㄘㄨ,cu3,cu
ㄘㄨˋ,ㄘㄨ,cu4,cu
ㄘㄨㄢ,ㄘㄨㄢ,cuan,cuan
ㄘㄨㄢˊ,ㄘㄨㄢ,cuan2,cuan
ㄘㄨㄢˇ,ㄘㄨㄢ,cuan3,cuan
ㄘㄨㄢˋ,ㄘㄨㄢ,cuan4,cuan
ㄘㄨㄟ,ㄘㄨㄟ,cui,cui
ㄘㄨㄟˇ,ㄘㄨㄟ,cui3,cui
ㄘㄨㄟˋ,ㄘㄨㄟ,cui4,cui
ㄘㄨㄣ,ㄘㄨㄣ,cun,cun
ㄘㄨㄣˊ,ㄘㄨㄣ,cun2,cun
ㄘㄨㄣˇ,ㄘㄨㄣ,cun3,cun
ㄘㄨㄣˋ,ㄘㄨㄣ,cun4,cun
ㄘㄨㄛ,ㄘㄨㄛ,cuo,cuo
ㄘㄨㄛˊ,ㄘㄨㄛ,cuo2,cuo
ㄘㄨㄛˇ,ㄘㄨㄛ,cuo3,cuo
ㄘㄨㄛˋ,ㄘㄨㄛ,cuo4,cuo
ㄉㄚ,ㄉㄚ,da,da
ㄉㄚˊ,ㄉㄚ,da2,da
ㄉㄚˇ,ㄉㄚ,da3,da
ㄉㄚˋ,ㄉㄚ,da4,da
˙ㄉㄚ,ㄉㄚ,da5,da
ㄉㄞ,ㄉㄞ,dai,dai
ㄉㄞˇ,ㄉㄞ,dai3,dai
ㄉㄞˋ,ㄉㄞ,dai4,dai
ㄉㄢ,ㄉㄢ,dan,dan
ㄉㄢˇ,ㄉㄢ,dan3,dan
ㄉㄢˋ,ㄉㄢ,dan4,dan
ㄉㄤ,ㄉㄤ,dang,dang
ㄉㄤˇ,ㄉㄤ,dang3,dang
ㄉㄤˋ,ㄉㄤ,dang4,dang
ㄉㄠ,ㄉㄠ,dao,dao
ㄉㄠˊ,ㄉㄠ,dao2,dao
ㄉㄠˇ,ㄉㄠ,dao3,dao
ㄉㄠˋ,ㄉㄠ,dao4,dao
ㄉㄜ,ㄉㄜ,de,de
ㄉㄜˊ,ㄉㄜ,de2,de
˙ㄉㄜ,ㄉㄜ,de5,de
ㄉㄟˇ,ㄉㄟ,dei3,dei
ㄉㄣˋ,ㄉㄣ,den4,den
ㄉㄥ,ㄉㄥ,deng,deng
ㄉㄥˇ,ㄉㄥ,deng3,deng
ㄉㄥˋ,ㄉㄥ,deng4,deng
ㄉㄧ,ㄉㄧ,di,di
ㄉㄧˊ,ㄉㄧ,di2,di
ㄉㄧˇ,ㄉㄧ,di3,di
ㄉㄧˋ,ㄉㄧ,di4,di
ㄉㄧㄚˇ,ㄉㄧㄚ,dia3,dia
ㄉㄧㄢ,ㄉㄧㄢ,dian,dian
ㄉㄧㄢˊ,ㄉㄧㄢ,dian2,dian
ㄉㄧㄢˇ,ㄉㄧㄢ,dian3,dian
ㄉㄧㄢˋ,ㄉㄧㄢ,dian4,dian
ㄉㄧㄠ,ㄉㄧㄠ,diao,diao
ㄉㄧㄠˇ,ㄉㄧㄠ,diao3,diao
ㄉㄧㄠˋ,ㄉㄧㄠ,diao4,diao
ㄉㄧㄝ,ㄉㄧㄝ,die,die
ㄉㄧㄝˊ,ㄉㄧㄝ,die2,die
ㄉㄧㄝˇ,ㄉㄧㄝ,die3,die
ㄉㄧㄝˋ,ㄉㄧㄝ,die4,die
ㄉㄧㄥ,ㄉㄧㄥ,ding,ding
ㄉㄧㄥˊ,ㄉㄧㄥ,ding2,ding
ㄉㄧㄥˇ,ㄉㄧㄥ,ding3,ding
ㄉㄧㄥˋ,ㄉㄧㄥ,ding4,ding
ㄉㄧㄡ,ㄉㄧㄡ,diu,diu
ㄉㄨㄥ,ㄉㄨㄥ,dong,dong
ㄉㄨㄥˇ,ㄉㄨㄥ,dong3,dong
ㄉㄨㄥˋ,ㄉㄨㄥ,dong4,dong
ㄉㄡ,ㄉㄡ,dou,dou
ㄉㄡˊ,ㄉㄡ,dou2,dou
ㄉㄡˇ,ㄉㄡ,dou3,dou
ㄉㄡˋ,ㄉㄡ,dou4,dou
ㄉㄨ,ㄉㄨ,du,du
ㄉㄨˊ,ㄉㄨ,du2,du
ㄉㄨˇ,ㄉㄨ,du3,du
ㄉㄨˋ,ㄉㄨ,du4,du
ㄉㄨㄢ,ㄉㄨㄢ,duan,duan
ㄉㄨㄢˇ,ㄉㄨㄢ,duan3,duan
ㄉㄨㄢˋ,ㄉㄨㄢ,duan4,duan
ㄉㄨㄟ,ㄉㄨㄟ,dui,dui
ㄉㄨㄟˇ,ㄉㄨㄟ,dui3,dui
ㄉㄨㄟˋ,ㄉㄨㄟ,dui4,dui
ㄉㄨㄣ,ㄉㄨㄣ,dun,dun
ㄉㄨㄣˇ,ㄉㄨㄣ,dun3,dun
ㄉㄨㄣˋ,ㄉㄨㄣ,dun4,dun
ㄉㄨㄛ,ㄉㄨㄛ,duo,duo
ㄉㄨㄛˊ,ㄉㄨㄛ,duo2,duo
ㄉㄨㄛˇ,ㄉㄨㄛ,duo3,duo
ㄉㄨㄛˋ,ㄉㄨㄛ,duo4,duo
˙ㄉㄨㄛ,ㄉㄨㄛ,duo5,duo
ㄜ,ㄜ,e,e
ㄜˊ,ㄜ,e2,e
ㄜˇ,ㄜ,e3,e
ㄜˋ,ㄜ,e4,e
ㄝˊ,ㄝ,eh2,eh
ㄝˇ,ㄝ,eh3,eh
ㄝˋ,ㄝ,eh4,eh
˙ㄝ,ㄝ,eh5,eh
ㄟˋ,ㄟ,ei4,ei
ㄣ,ㄣ,en,en
ㄣˊ,ㄣ,en2,en
ㄣˇ,ㄣ,en3,en
ㄣˋ,ㄣ,en4,en
˙ㄣ,ㄣ,en5,en
ㄥ,ㄥ,eng,eng
ㄥˋ,ㄥ,eng4,eng
ㄦ,ㄦ,er,er
ㄦˊ,ㄦ,er2,er
ㄦˇ,ㄦ,er3,er
ㄦˋ,ㄦ,er4,er
˙ㄦ,ㄦ,er5,er
ㄈㄚ,ㄈㄚ,fa,fa
ㄈㄚˊ,ㄈㄚ,fa2,fa
ㄈㄚˇ,ㄈㄚ,fa3,fa
ㄈㄚˋ,ㄈㄚ,fa4,fa
ㄈㄢ,ㄈㄢ,fan,fan
ㄈㄢˊ,ㄈㄢ,fan2,fan
ㄈㄢˇ,ㄈㄢ,fan3,fan
ㄈㄢˋ,ㄈㄢ,fan4,fan
ㄈㄤ,ㄈㄤ,fang,fang
ㄈㄤˊ,ㄈㄤ,fang2,fang
ㄈㄤˇ,ㄈㄤ,fang3,fang
ㄈㄤˋ,ㄈㄤ,fang4,fang
ㄈㄟ,ㄈㄟ,fei,fei
ㄈㄟˊ,ㄈㄟ,fei2,fei
ㄈㄟˇ,ㄈㄟ,fei3,fei
ㄈㄟˋ,ㄈㄟ,fei4,fei
ㄈㄣ,ㄈㄣ,fen,fen
ㄈㄣˊ,ㄈㄣ,fen2,fen
ㄈㄣˇ,ㄈㄣ,fen3,fen
ㄈㄣˋ,ㄈㄣ,fen4,fen
˙ㄈㄣ,ㄈㄣ,fen5,fen
ㄈㄥ,ㄈㄥ,feng,feng
ㄈㄥˊ,ㄈㄥ,feng2,feng
ㄈㄥˇ,ㄈㄥ,feng3,feng
ㄈㄥˋ,ㄈㄥ,feng4,feng
ㄈㄧㄠˋ,ㄈㄧㄠ,fiao4,fiao
ㄈㄛˊ,ㄈㄛ,fo2,fo
ㄈㄡ,ㄈㄡ,fou,fou
ㄈㄡˊ,ㄈㄡ,fou2,fou
ㄈㄡˇ,ㄈㄡ,fou3,fou
ㄈㄡˋ,ㄈㄡ,fou4,fou
ㄈㄨ,ㄈㄨ,fu,fu
ㄈㄨˊ,ㄈㄨ,fu2,fu
ㄈㄨˇ,ㄈㄨ,fu3,fu
ㄈㄨˋ,ㄈㄨ,fu4,fu
ㄍㄚ,ㄍㄚ,ga,ga
ㄍㄚˊ,ㄍㄚ,ga2,ga
ㄍㄚˇ,ㄍㄚ,ga3,ga
ㄍㄚˋ,ㄍㄚ,ga4,ga
˙ㄍㄚ,ㄍㄚ,ga5,ga
ㄍㄞ,ㄍㄞ,gai,gai
ㄍㄞˇ,ㄍㄞ,gai3,gai
ㄍㄞˋ,ㄍㄞ,gai4,gai
ㄍㄢ,ㄍㄢ,gan,gan
ㄍㄢˇ,ㄍㄢ,gan3,gan
ㄍㄢˋ,ㄍㄢ,gan4,gan
ㄍㄤ,ㄍㄤ,gang,gang
ㄍㄤˇ,ㄍㄤ,gang3,gang
ㄍㄤˋ,ㄍㄤ,gang4,gang
ㄍㄠ,ㄍㄠ,gao,gao
ㄍㄠˇ,ㄍㄠ,gao3,gao
ㄍㄠˋ,ㄍㄠ,gao4,gao
ㄍㄜ,ㄍㄜ,ge,ge
ㄍㄜˊ,ㄍㄜ,ge2,ge
ㄍㄜˇ,ㄍㄜ,ge3,ge
ㄍㄜˋ,ㄍㄜ,ge4,ge
˙ㄍㄜ,ㄍㄜ,ge5,ge
ㄍㄟˇ,ㄍㄟ,gei3,gei
ㄍㄣ,ㄍㄣ,gen,gen
ㄍㄣˊ,ㄍㄣ,gen2,gen
ㄍㄣˇ,ㄍㄣ,gen3,gen
ㄍㄣˋ,ㄍㄣ,gen4,gen
ㄍㄥ,ㄍㄥ,geng,geng
ㄍㄥˇ,ㄍㄥ,geng3,geng
ㄍㄥˋ,ㄍㄥ,geng4,geng
ㄍㄨㄥ,ㄍㄨㄥ,gong,gong
ㄍㄨㄥˊ,ㄍㄨㄥ,gong2,gong
ㄍㄨㄥˇ,ㄍㄨㄥ,gong3,gong
ㄍㄨㄥˋ,ㄍㄨㄥ,gong4,gong
ㄍㄡ,ㄍㄡ,gou,gou
ㄍㄡˇ,ㄍㄡ,gou3,gou
ㄍㄡˋ,ㄍㄡ,gou4,gou
ㄍㄨ,ㄍㄨ,gu,gu
ㄍㄨˊ,ㄍㄨ,gu2,gu
ㄍㄨˇ,ㄍㄨ,gu3,gu
ㄍㄨˋ,ㄍㄨ,gu4,gu
ㄍㄨㄚ,ㄍㄨㄚ,gua,gua
ㄍㄨㄚˊ,ㄍㄨㄚ,gua2,gua
ㄍㄨㄚˇ,ㄍㄨㄚ,gua3,gua
ㄍㄨㄚˋ,ㄍㄨㄚ,gua4,gua
ㄍㄨㄞ,ㄍㄨㄞ,guai,guai
ㄍㄨㄞˇ,ㄍㄨㄞ,guai3,guai
ㄍㄨㄞˋ,ㄍㄨㄞ,guai4,guai
ㄍㄨㄢ,ㄍㄨㄢ,guan,guan
ㄍㄨㄢˇ,ㄍㄨㄢ,guan3,guan
ㄍㄨㄢˋ,ㄍㄨㄢ,guan4,guan
ㄍㄨㄤ,ㄍㄨㄤ,guang,guang
ㄍㄨㄤˇ,ㄍㄨㄤ,guang3,guang
ㄍㄨㄤˋ,ㄍㄨㄤ,guang4,guang
ㄍㄨㄜˊ,ㄍㄨㄜ,gue2,gue
ㄍㄨㄟ,ㄍㄨㄟ,gui,gui
ㄍㄨㄟˇ,ㄍㄨㄟ,gui3,gui
ㄍㄨㄟˋ,ㄍㄨㄟ,gui4,gui
ㄍㄨㄣ,ㄍㄨㄣ,gun,gun
ㄍㄨㄣˇ,ㄍㄨㄣ,gun3,gun
ㄍㄨㄣˋ,ㄍㄨㄣ,gun4,gun
ㄍㄨㄛ,ㄍㄨㄛ,guo,guo
ㄍㄨㄛˊ,ㄍㄨㄛ,guo2,guo
ㄍㄨㄛˇ,ㄍㄨㄛ,guo3,guo
ㄍㄨㄛˋ,ㄍㄨㄛ,guo4,guo
ㄏㄚ,ㄏㄚ,ha,ha
ㄏㄚˊ,ㄏㄚ,ha2,ha
ㄏㄚˇ,ㄏㄚ,ha3,ha
ㄏㄞ,ㄏㄞ,hai,hai
ㄏㄞˊ,ㄏㄞ,hai2,hai
ㄏㄞˇ,ㄏㄞ,hai3,hai
ㄏㄞˋ,ㄏㄞ,hai4,hai
ㄏㄢ,ㄏㄢ,han,han
ㄏㄢˊ,ㄏㄢ,han2,han
ㄏㄢˇ,ㄏㄢ,han3,han
ㄏㄢˋ,ㄏㄢ,han4,han
ㄏㄤ,ㄏㄤ,hang,hang
ㄏㄤˊ,ㄏㄤ,hang2,hang
ㄏㄤˇ,ㄏㄤ,hang3,hang
ㄏㄤˋ,ㄏㄤ,hang4,hang
ㄏㄠ,ㄏㄠ,hao,hao
ㄏㄠˊ,ㄏㄠ,hao2,hao
ㄏㄠˇ,ㄏㄠ,hao3,hao
ㄏㄠˋ,ㄏㄠ,hao4,hao
ㄏㄜ,ㄏㄜ,he,he
ㄏㄜˊ,ㄏㄜ,he2,he
ㄏㄜˇ,ㄏㄜ,he3,he
ㄏㄜˋ,ㄏㄜ,he4,he
ㄏㄟ,ㄏㄟ,hei,hei
ㄏㄟˇ,ㄏㄟ,hei3,hei
ㄏㄣ,ㄏㄣ,hen,hen
ㄏㄣˊ,ㄏㄣ,hen2,hen
ㄏㄣˇ,ㄏㄣ,hen3,hen
ㄏㄣˋ,ㄏㄣ,hen4,hen
ㄏㄥ,ㄏㄥ,heng,heng
ㄏㄥˊ,ㄏㄥ,heng2,heng
ㄏㄥˋ,ㄏㄥ,heng4,heng
ㄏㄨㄥ,ㄏㄨㄥ,hong,hong
ㄏㄨㄥˊ,ㄏㄨㄥ,hong2,hong
ㄏㄨㄥˇ,ㄏㄨㄥ,hong3,hong
ㄏㄨㄥˋ,ㄏㄨㄥ,hong4,hong
ㄏㄡ,ㄏㄡ,hou,hou
ㄏㄡˊ,ㄏㄡ,hou2,hou
ㄏㄡˇ,ㄏㄡ,hou3,hou
ㄏㄡˋ,ㄏㄡ,hou4,hou
ㄏㄨ,ㄏㄨ,hu,hu
ㄏㄨˊ,ㄏㄨ,hu2,hu
ㄏㄨˇ,ㄏㄨ,hu3,hu
ㄏㄨˋ,ㄏㄨ,hu4,hu
ㄏㄨㄚ,ㄏㄨㄚ,hua,hua
ㄏㄨㄚˊ,ㄏㄨㄚ,hua2,hua
ㄏㄨㄚˇ,ㄏㄨㄚ,hua3,hua
ㄏㄨㄚˋ,ㄏㄨㄚ,hua4,hua
ㄏㄨㄞˊ,ㄏㄨㄞ,huai2,huai
ㄏㄨㄞˋ,ㄏㄨㄞ,huai4,huai
ㄏㄨㄢ,ㄏㄨㄢ,huan,huan
ㄏㄨㄢˊ,ㄏㄨㄢ,huan2,huan
ㄏㄨㄢˇ,ㄏㄨㄢ,huan3,huan
ㄏㄨㄢˋ,ㄏㄨㄢ,huan4,huan
ㄏㄨㄤ,ㄏㄨㄤ,huang,huang
ㄏㄨㄤˊ,ㄏㄨㄤ,huang2,huang
ㄏㄨㄤˇ,ㄏㄨㄤ,huang3,huang
ㄏㄨㄤˋ,ㄏㄨㄤ,huang4,huang
˙ㄏㄨㄤ,ㄏㄨㄤ,huang5,huang
ㄏㄨㄟ,ㄏㄨㄟ,hui,hui
ㄏㄨㄟˊ,ㄏㄨㄟ,hui2,hui
ㄏㄨㄟˇ,ㄏㄨㄟ,hui3,hui
ㄏㄨㄟˋ,ㄏㄨㄟ,hui4,hui
ㄏㄨㄣ,ㄏㄨㄣ,hun,hun
ㄏㄨㄣˊ,ㄏㄨㄣ,hun2,hun
ㄏㄨㄣˇ,ㄏㄨㄣ,hun3,hun
ㄏㄨㄣˋ,ㄏㄨㄣ,hun4,hun
ㄏㄨㄛ,ㄏㄨㄛ,huo,huo
ㄏㄨㄛˊ,ㄏㄨㄛ,huo2,huo
ㄏㄨㄛˇ,ㄏㄨㄛ,huo3,huo
ㄏㄨㄛˋ,ㄏㄨㄛ,huo4,huo
˙ㄏㄨㄛ,ㄏㄨㄛ,huo5,huo
ㄐㄧ,ㄐㄧ,ji,ji
ㄐㄧˊ,ㄐㄧ,ji2,ji
ㄐㄧˇ,ㄐㄧ,ji3,ji
ㄐㄧˋ,ㄐㄧ,ji4,ji
ㄐㄧㄚ,ㄐㄧㄚ,jia,jia
ㄐㄧㄚˊ,ㄐㄧㄚ,jia2,jia
ㄐㄧㄚˇ,ㄐㄧㄚ,jia3,jia
ㄐㄧㄚˋ,ㄐㄧㄚ,jia4,jia
ㄐㄧㄢ,ㄐㄧㄢ,jian,jian
ㄐㄧㄢˇ,ㄐㄧㄢ,jian3,jian
ㄐㄧㄢˋ,ㄐㄧㄢ,jian4,jian
ㄐㄧㄤ,ㄐㄧㄤ,jiang,jiang
ㄐㄧㄤˊ,ㄐㄧㄤ,jiang2,jiang
ㄐㄧㄤˇ,ㄐㄧㄤ,jiang3,jiang
ㄐㄧㄤˋ,ㄐㄧㄤ,jiang4,jiang
ㄐㄧㄠ,ㄐㄧㄠ,jiao,jiao
ㄐㄧㄠˊ,ㄐㄧㄠ,jiao2,jiao
ㄐㄧㄠˇ,ㄐㄧㄠ,jiao3,jiao
ㄐㄧㄠˋ,ㄐㄧㄠ,jiao4,jiao
ㄐㄧㄝ,ㄐㄧㄝ,jie,jie
ㄐㄧㄝˊ,ㄐㄧㄝ,jie2,jie
ㄐㄧㄝˇ,ㄐㄧㄝ,jie3,jie
ㄐㄧㄝˋ,ㄐㄧㄝ,jie4,jie
˙ㄐㄧㄝ,ㄐㄧㄝ,jie5,jie
ㄐㄧㄣ,ㄐㄧㄣ,jin,jin
ㄐㄧㄣˇ,ㄐㄧㄣ,jin3,jin
ㄐㄧㄣˋ,ㄐㄧㄣ,jin4,jin
ㄐㄧㄥ,ㄐㄧㄥ,jing,jing
ㄐㄧㄥˇ,ㄐㄧㄥ,jing3,jing
ㄐㄧㄥˋ,ㄐㄧㄥ,jing4,jing
ㄐㄩㄥ,ㄐㄩㄥ,jiong,jiong
ㄐㄩㄥˇ,ㄐㄩㄥ,jiong3,jiong
ㄐㄩㄥˋ,ㄐㄩㄥ,jiong4,jiong
ㄐㄧㄡ,ㄐㄧㄡ,jiu,jiu
ㄐㄧㄡˇ,ㄐㄧㄡ,jiu3,jiu
ㄐㄧㄡˋ,ㄐㄧㄡ,jiu4,jiu
ㄐㄩ,ㄐㄩ,ju,ju
ㄐㄩˊ,ㄐㄩ,ju2,ju
ㄐㄩˇ,ㄐㄩ,ju3,ju
ㄐㄩˋ,ㄐㄩ,ju4,ju
ㄐㄩㄢ,ㄐㄩㄢ,juan,juan
ㄐㄩㄢˇ,ㄐㄩㄢ,juan3,juan
ㄐㄩㄢˋ,ㄐㄩㄢ,juan4,juan
ㄐㄩㄝ,ㄐㄩㄝ,jue,jue
ㄐㄩㄝˊ,ㄐㄩㄝ,jue2,jue
ㄐㄩㄝˇ,ㄐㄩㄝ,jue3,jue
ㄐㄩㄝˋ,ㄐㄩㄝ,jue4,jue
ㄐㄩㄣ,ㄐㄩㄣ,jun,jun
ㄐㄩㄣˊ,ㄐㄩㄣ,jun2,jun
ㄐㄩㄣˇ,ㄐㄩㄣ,jun3,jun
ㄐㄩㄣˋ,ㄐㄩㄣ,jun4,jun
ㄎㄚ,ㄎㄚ,ka,ka
ㄎㄚˇ,ㄎㄚ,ka3,ka
ㄎㄚˋ,ㄎㄚ,ka4,ka
ㄎㄞ,ㄎㄞ,kai,kai
ㄎㄞˇ,ㄎㄞ,kai3,kai
ㄎㄞˋ,ㄎㄞ,kai4,kai
ㄎㄢ,ㄎㄢ,kan,kan
ㄎㄢˇ,ㄎㄢ,kan3,kan
ㄎㄢˋ,ㄎㄢ,kan4,kan
ㄎㄤ,ㄎㄤ,kang,kang
ㄎㄤˊ,ㄎㄤ,kang2,kang
ㄎㄤˇ,ㄎㄤ,kang3,kang
ㄎㄤˋ,ㄎㄤ,kang4,kang
ㄎㄠ,ㄎㄠ,kao,kao
ㄎㄠˇ,ㄎㄠ,kao3,kao
ㄎㄠˋ,ㄎㄠ,kao4,kao
ㄎㄜ,ㄎㄜ,ke,ke
ㄎㄜˊ,ㄎㄜ,ke2,ke
ㄎㄜˇ,ㄎㄜ,ke3,ke
ㄎㄜˋ,ㄎㄜ,ke4,ke
ㄎㄣ,ㄎㄣ,ken,ken
ㄎㄣˇ,ㄎㄣ,ken3,ken
ㄎㄣˋ,ㄎㄣ,ken4,ken
ㄎㄥ,ㄎㄥ,keng,keng
ㄎㄥˇ,ㄎㄥ,keng3,keng
ㄎㄨㄥ,ㄎㄨㄥ,kong,kong
ㄎㄨㄥˇ,ㄎㄨㄥ,kong3,kong
ㄎㄨㄥˋ,ㄎㄨㄥ,kong4,kong
ㄎㄡ,ㄎㄡ,kou,kou
ㄎㄡˇ,ㄎㄡ,kou3,kou
ㄎㄡˋ,ㄎㄡ,kou4,kou
ㄎㄨ,ㄎㄨ,ku,ku
ㄎㄨˊ,ㄎㄨ,ku2,ku
ㄎㄨˇ,ㄎㄨ,ku3,ku
ㄎㄨˋ,ㄎㄨ,ku4,ku
ㄎㄨㄚ,ㄎㄨㄚ,kua,kua
ㄎㄨㄚˇ,ㄎㄨㄚ,kua3,kua
ㄎㄨㄚˋ,ㄎㄨㄚ,kua4,kua
ㄎㄨㄞ,ㄎㄨㄞ,kuai,kuai
ㄎㄨㄞˇ,ㄎㄨㄞ,kuai3,kuai
ㄎㄨㄞˋ,ㄎㄨㄞ,kuai4,kuai
ㄎㄨㄢ,ㄎㄨㄢ,kuan,kuan
ㄎㄨㄢˇ,ㄎㄨㄢ,kuan3,kuan
ㄎㄨㄢˋ,ㄎㄨㄢ,kuan4,kuan
ㄎㄨㄤ,ㄎㄨㄤ,kuang,kuang
ㄎㄨㄤˊ,ㄎㄨㄤ,kuang2,kuang
ㄎㄨㄤˇ,ㄎㄨㄤ,kuang3,kuang
ㄎㄨㄤˋ,ㄎㄨㄤ,kuang4,kuang
ㄎㄨㄟ,ㄎㄨㄟ,kui,kui
ㄎㄨㄟˊ,ㄎㄨㄟ,kui2,kui
ㄎㄨㄟˇ,ㄎㄨㄟ,kui3,kui
ㄎㄨㄟˋ,ㄎㄨㄟ,kui4,kui
ㄎㄨㄣ,ㄎㄨㄣ,kun,kun
ㄎㄨㄣˇ,ㄎㄨㄣ,kun3,kun
ㄎㄨㄣˋ,ㄎㄨㄣ,kun4,kun
ㄎㄨㄛˋ,ㄎㄨㄛ,kuo4,kuo
ㄌㄚ,ㄌㄚ,la,la
ㄌㄚˊ,ㄌㄚ,la2,la
ㄌㄚˇ,ㄌㄚ,la3,la
ㄌㄚˋ,ㄌㄚ,la4,la
˙ㄌㄚ,ㄌㄚ,la5,la
ㄌㄞˊ,ㄌㄞ,lai2,lai
ㄌㄞˇ,ㄌㄞ,lai3,lai
ㄌㄞˋ,ㄌㄞ,lai4,lai
ㄌㄢˊ,ㄌㄢ,lan2,lan
ㄌㄢˇ,ㄌㄢ,lan3,lan
ㄌㄢˋ,ㄌㄢ,lan4,lan
ㄌㄤ,ㄌㄤ,lang,lang
ㄌㄤˊ,ㄌㄤ,lang2,lang
ㄌㄤˇ,ㄌㄤ,lang3,lang
ㄌㄤˋ,ㄌㄤ,lang4,lang
ㄌㄠ,ㄌㄠ,lao,lao
ㄌㄠˊ,ㄌㄠ,lao2,lao
ㄌㄠˇ,ㄌㄠ,lao3,lao
ㄌㄠˋ,ㄌㄠ,lao4,lao
ㄌㄜ,ㄌㄜ,le,le
ㄌㄜˊ,ㄌㄜ,le2,le
ㄌㄜˋ,ㄌㄜ,le4,le
˙ㄌㄜ,ㄌㄜ,le5,le
ㄌㄟ,ㄌㄟ,lei,lei
ㄌㄟˊ,ㄌㄟ,lei2,lei
ㄌㄟˇ,ㄌㄟ,lei3,lei
ㄌㄟˋ,ㄌㄟ,lei4,lei
˙ㄌㄟ,ㄌㄟ,lei5,lei
ㄌㄥ,ㄌㄥ,leng,leng
ㄌㄥˊ,ㄌㄥ,leng2,leng
ㄌㄥˇ,ㄌㄥ,leng3,leng
ㄌㄥˋ,ㄌㄥ,leng4,leng
ㄌㄧ,ㄌㄧ,li,li
ㄌㄧˊ,ㄌㄧ,li2,li
ㄌㄧˇ,ㄌㄧ,li3,li
ㄌㄧˋ,ㄌㄧ,li4,li
˙ㄌㄧ,ㄌㄧ,li5,li
ㄌㄧㄚˇ,ㄌㄧㄚ,lia3,lia
ㄌㄧㄢ,ㄌㄧㄢ,lian,lian
ㄌㄧㄢˊ,ㄌㄧㄢ,lian2,lian
ㄌㄧㄢˇ,ㄌㄧㄢ,lian3,lian
ㄌㄧㄢˋ,ㄌㄧㄢ,lian4,lian
ㄌㄧㄤˊ,ㄌㄧㄤ,liang2,liang
ㄌㄧㄤˇ,ㄌㄧㄤ,liang3,liang
ㄌㄧㄤˋ,ㄌㄧㄤ,liang4,liang
ㄌㄧㄠ,ㄌㄧㄠ,liao,liao
ㄌㄧㄠˊ,ㄌㄧㄠ,liao2,liao
ㄌㄧㄠˇ,ㄌㄧㄠ,liao3,liao
ㄌㄧㄠˋ,ㄌㄧㄠ,liao4,liao
ㄌㄧㄝ,ㄌㄧㄝ,lie,lie
ㄌㄧㄝˊ,ㄌㄧㄝ,lie2,lie
ㄌㄧㄝˇ,ㄌㄧㄝ,lie3,lie
ㄌㄧㄝˋ,ㄌㄧㄝ,lie4,lie
ㄌㄧㄣˊ,ㄌㄧㄣ,lin2,lin
ㄌㄧㄣˇ,ㄌㄧㄣ,lin3,lin
ㄌㄧㄣˋ,ㄌㄧㄣ,lin4,lin
ㄌㄧㄥ,ㄌㄧㄥ,ling,ling
ㄌㄧㄥˊ,ㄌㄧㄥ,ling2,ling
ㄌㄧㄥˇ,ㄌㄧㄥ,ling3,ling
ㄌㄧㄥˋ,ㄌㄧㄥ,ling4,ling
ㄌㄧㄡ,ㄌㄧㄡ,liu,liu
ㄌㄧㄡˊ,ㄌㄧㄡ,liu2,liu
ㄌㄧㄡˇ,ㄌㄧㄡ,liu3,liu
ㄌㄧㄡˋ,ㄌㄧㄡ,liu4,liu
ㄌㄛ,ㄌㄛ,lo,lo
˙ㄌㄛ,ㄌㄛ,lo5,lo
ㄌㄨㄥ,ㄌㄨㄥ,long,long
ㄌㄨㄥˊ,ㄌㄨㄥ,long2,long
ㄌㄨㄥˇ,ㄌㄨㄥ,long3,long
ㄌㄨㄥˋ,ㄌㄨㄥ,long4,long
ㄌㄡ,ㄌㄡ,lou,lou
ㄌㄡˊ,ㄌㄡ,lou2,lou
ㄌㄡˇ,ㄌㄡ,lou3,lou
ㄌㄡˋ,ㄌㄡ,lou4,lou
˙ㄌㄡ,ㄌㄡ,lou5,lou
ㄌㄨ,ㄌㄨ,lu,lu
ㄌㄨˊ,ㄌㄨ,lu2,lu
ㄌㄨˇ,ㄌㄨ,lu3,lu
ㄌㄨˋ,ㄌㄨ,lu4,lu
ㄌㄨㄢˊ,ㄌㄨㄢ,luan2,luan
ㄌㄨㄢˇ,ㄌㄨㄢ,luan3,luan
ㄌㄨㄢˋ,ㄌㄨㄢ,luan4,luan
ㄌㄨㄣ,ㄌㄨㄣ,lun,lun
ㄌㄨㄣˊ,ㄌㄨㄣ,lun2,lun
ㄌㄨㄣˇ,ㄌㄨㄣ,lun3,lun
ㄌㄨㄣˋ,ㄌㄨㄣ,lun4,lun
ㄌㄨㄛ,ㄌㄨㄛ,luo,luo
ㄌㄨㄛˊ,ㄌㄨㄛ,luo2,luo
ㄌㄨㄛˇ,ㄌㄨㄛ,luo3,luo
ㄌㄨㄛˋ,ㄌㄨㄛ,luo4,luo
˙ㄌㄨㄛ,ㄌㄨㄛ,luo5,luo
ㄌㄩ,ㄌㄩ,lv,lv
ㄌㄩˊ,ㄌㄩ,lv2,lv
ㄌㄩˇ,ㄌㄩ,lv3,lv
ㄌㄩˋ,ㄌㄩ,lv4,lv
ㄌㄩㄢˊ,ㄌㄩㄢ,lvan2,lvan
ㄌㄩㄢˇ,ㄌㄩㄢ,lvan3,lvan
ㄌㄩㄝ,ㄌㄩㄝ,lve,lve
ㄌㄩㄝˇ,ㄌㄩㄝ,lve3,lve
ㄌㄩㄝˋ,ㄌㄩㄝ,lve4,lve
ㄇㄚ,ㄇㄚ,ma,ma
ㄇㄚˊ,ㄇㄚ,ma2,ma
ㄇㄚˇ,ㄇㄚ,ma3,ma
ㄇㄚˋ,ㄇㄚ,ma4,ma
˙ㄇㄚ,ㄇㄚ,ma5,ma
ㄇㄞ,ㄇㄞ,mai,mai
ㄇㄞˊ,ㄇㄞ,mai2,mai
ㄇㄞˇ,ㄇㄞ,mai3,mai
ㄇㄞˋ,ㄇㄞ,mai4,mai
ㄇㄢ,ㄇㄢ,man,man
ㄇㄢˊ,ㄇㄢ,man2,man
ㄇㄢˇ,ㄇㄢ,man3,man
ㄇㄢˋ,ㄇㄢ,man4,man
ㄇㄤ,ㄇㄤ,mang,mang
ㄇㄤˊ,ㄇㄤ,mang2,mang
ㄇㄤˇ,ㄇㄤ,mang3,mang
ㄇㄤˋ,ㄇㄤ,mang4,mang
ㄇㄠ,ㄇㄠ,mao,mao
ㄇㄠˊ,ㄇㄠ,mao2,mao
ㄇㄠˇ,ㄇㄠ,mao3,mao
ㄇㄠˋ,ㄇㄠ,mao4,mao
ㄇㄜ,ㄇㄜ,me,me
ㄇㄜˋ,ㄇㄜ,me4,me
˙ㄇㄜ,ㄇㄜ,me5,me
ㄇㄟˊ,ㄇㄟ,mei2,mei
ㄇㄟˇ,ㄇㄟ,mei3,mei
ㄇㄟˋ,ㄇㄟ,mei4,mei
ㄇㄣ,ㄇㄣ,men,men
ㄇㄣˊ,ㄇㄣ,men2,men
ㄇㄣˇ,ㄇㄣ,men3,men
ㄇㄣˋ,ㄇㄣ,men4,men
˙ㄇㄣ,ㄇㄣ,men5,men
ㄇㄥ,ㄇㄥ,meng,meng
ㄇㄥˊ,ㄇㄥ,meng2,meng
ㄇㄥˇ,ㄇㄥ,meng3,meng
ㄇㄥˋ,ㄇㄥ,meng4,meng
ㄇㄧ,ㄇㄧ,mi,mi
ㄇㄧˊ,ㄇㄧ,mi2,mi
ㄇㄧˇ,ㄇㄧ,mi3,mi
ㄇㄧˋ,ㄇㄧ,mi4,mi
ㄇㄧㄢ,ㄇㄧㄢ,mian,mian
ㄇㄧㄢˊ,ㄇㄧㄢ,mian2,mian
ㄇㄧㄢˇ,ㄇㄧㄢ,mian3,mian
ㄇㄧㄢˋ,ㄇㄧㄢ,mian4,mian
ㄇㄧㄠ,ㄇㄧㄠ,miao,miao
ㄇㄧㄠˊ,ㄇㄧㄠ,miao2,miao
ㄇㄧㄠˇ,ㄇㄧㄠ,miao3,miao
ㄇㄧㄠˋ,ㄇㄧㄠ,miao4,miao
ㄇㄧㄝ,ㄇㄧㄝ,mie,mie
ㄇㄧㄝˊ,ㄇㄧㄝ,mie2,mie
ㄇㄧㄝˋ,ㄇㄧㄝ,mie4,mie
ㄇㄧㄣ,ㄇㄧㄣ,min,min
ㄇㄧㄣˊ,ㄇㄧㄣ,min2,min
ㄇㄧㄣˇ,ㄇㄧㄣ,min3,min
ㄇㄧㄥˊ,ㄇㄧㄥ,ming2,ming
ㄇㄧㄥˇ,ㄇㄧㄥ,ming3,ming
ㄇㄧㄥˋ,ㄇㄧㄥ,ming4,ming
ㄇㄧㄡˊ,ㄇㄧㄡ,miu2,miu
ㄇㄧㄡˇ,ㄇㄧㄡ,miu3,miu
ㄇㄧㄡˋ,ㄇㄧㄡ,miu4,miu
ㄇㄛ,ㄇㄛ,mo,mo
ㄇㄛˊ,ㄇㄛ,mo2,mo
ㄇㄛˇ,ㄇㄛ,mo3,mo
ㄇㄛˋ,ㄇㄛ,mo4,mo
˙ㄇㄛ,ㄇㄛ,mo5,mo
ㄇㄡˊ,ㄇㄡ,mou2,mou
ㄇㄡˇ,ㄇㄡ,mou3,mou
ㄇㄡˋ,ㄇㄡ,mou4,mou
ㄇㄨˊ,ㄇㄨ,mu2,mu
ㄇㄨˇ,ㄇㄨ,mu3,mu
ㄇㄨˋ,ㄇㄨ,mu4,mu
ㄋㄚ,ㄋㄚ,na,na
ㄋㄚˊ,ㄋㄚ,na2,na
ㄋㄚˇ,ㄋㄚ,na3,na
ㄋㄚˋ,ㄋㄚ,na4,na
˙ㄋㄚ,ㄋㄚ,na5,na
ㄋㄞˊ,ㄋㄞ,nai2,nai
ㄋㄞˇ,ㄋㄞ,nai3,nai
ㄋㄞˋ,ㄋㄞ,nai4,nai
ㄋㄢ,ㄋㄢ,nan,nan
ㄋㄢˊ,ㄋㄢ,nan2,nan
ㄋㄢˇ,ㄋㄢ,nan3,nan
ㄋㄢˋ,ㄋㄢ,nan4,nan
ㄋㄤ,ㄋㄤ,nang,nang
ㄋㄤˊ,ㄋㄤ,nang2,nang
ㄋㄤˇ,ㄋㄤ,nang3,nang
ㄋㄤˋ,ㄋㄤ,nang4,nang
˙ㄋㄤ,ㄋㄤ,nang5,nang
ㄋㄠ,ㄋㄠ,nao,nao
ㄋㄠˊ,ㄋㄠ,nao2,nao
ㄋㄠˇ,ㄋㄠ,nao3,nao
ㄋㄠˋ,ㄋㄠ,nao4,nao
ㄋㄜˋ,ㄋㄜ,ne4,ne
˙ㄋㄜ,ㄋㄜ,ne5,ne
ㄋㄟˊ,ㄋㄟ,nei2,nei
ㄋㄟˇ,ㄋㄟ,nei3,nei
ㄋㄟˋ,ㄋㄟ,nei4,nei
ㄋㄣˇ,ㄋㄣ,nen3,nen
ㄋㄣˋ,ㄋㄣ,nen4,nen
ㄋㄥˊ,ㄋㄥ,neng2,neng
ㄋㄥˇ,ㄋㄥ,neng3,neng
ㄋㄧ,ㄋㄧ,ni,ni
ㄋㄧˊ,ㄋㄧ,ni2,ni
ㄋㄧˇ,ㄋㄧ,ni3,ni
ㄋㄧˋ,ㄋㄧ,ni4,ni
ㄋㄧㄢ,ㄋㄧㄢ,nian,nian
ㄋㄧㄢˊ,ㄋㄧㄢ,nian2,nian
ㄋㄧㄢˇ,ㄋㄧㄢ,nian3,nian
ㄋㄧㄢˋ,ㄋㄧㄢ,nian4,nian
ㄋㄧㄤˊ,ㄋㄧㄤ,niang2,niang
ㄋㄧㄤˇ,ㄋㄧㄤ,niang3,niang
ㄋㄧㄤˋ,ㄋㄧㄤ,niang4,niang
ㄋㄧㄠˇ,ㄋㄧㄠ,niao3,niao
ㄋㄧㄠˋ,ㄋㄧㄠ,niao4,niao
ㄋㄧㄝ,ㄋㄧㄝ,nie,nie
ㄋㄧㄝˊ,ㄋㄧㄝ,nie2,nie
ㄋㄧㄝˋ,ㄋㄧㄝ,nie4,nie
ㄋㄧㄣ,ㄋㄧㄣ,nin,nin
ㄋㄧㄣˊ,ㄋㄧㄣ,nin2,nin
ㄋㄧㄣˇ,ㄋㄧㄣ,nin3,nin
ㄋㄧㄣˋ,ㄋㄧㄣ,nin4,nin
ㄋㄧㄥˊ,ㄋㄧㄥ,ning2,ning
ㄋㄧㄥˇ,ㄋㄧㄥ,ning3,ning
ㄋㄧㄥˋ,ㄋㄧㄥ,ning4,ning
ㄋㄧㄡ,ㄋㄧㄡ,niu,niu
ㄋㄧㄡˊ,ㄋㄧㄡ,niu2,niu
ㄋㄧㄡˇ,ㄋㄧㄡ,niu3,niu
ㄋㄧㄡˋ,ㄋㄧㄡ,niu4,niu
ㄋㄨㄥˊ,ㄋㄨㄥ,nong2,nong
ㄋㄨㄥˇ,ㄋㄨㄥ,nong3,nong
ㄋㄨㄥˋ,ㄋㄨㄥ,nong4,nong
ㄋㄡˊ,ㄋㄡ,nou2,nou
ㄋㄡˇ,ㄋㄡ,nou3,nou
ㄋㄡˋ,ㄋㄡ,nou4,nou
ㄋㄨˊ,ㄋㄨ,nu2,nu
ㄋㄨˇ,ㄋㄨ,nu3,nu
ㄋㄨˋ,ㄋㄨ,nu4,nu
ㄋㄨㄢˊ,ㄋㄨㄢ,nuan2,nuan
ㄋㄨㄢˇ,ㄋㄨㄢ,nuan3,nuan
ㄋㄨㄢˋ,ㄋㄨㄢ,nuan4,nuan
ㄋㄨㄟˊ,ㄋㄨㄟ,nui2,nui
ㄋㄨㄣˊ,ㄋㄨㄣ,nun2,nun
ㄋㄨㄛˊ,ㄋㄨㄛ,nuo2,nuo
ㄋㄨㄛˇ,ㄋㄨㄛ,nuo3,nuo
ㄋㄨㄛˋ,ㄋㄨㄛ,nuo4,nuo
ㄋㄩˊ,ㄋㄩ,nv2,nv
ㄋㄩˇ,ㄋㄩ,nv3,nv
ㄋㄩˋ,ㄋㄩ,nv4,nv
ㄋㄩㄝˋ,ㄋㄩㄝ,nve4,nve
ㄛ,ㄛ,o,o
ㄛˊ,ㄛ,o2,o
ㄛˇ,ㄛ,o3,o
ㄡ,ㄡ,ou,ou
ㄡˊ,ㄡ,ou2,ou
ㄡˇ,ㄡ,ou3,ou
ㄡˋ,ㄡ,ou4,ou
˙ㄡ,ㄡ,ou5,ou
ㄆㄚ,ㄆㄚ,pa,pa
ㄆㄚˊ,ㄆㄚ,pa2,pa
ㄆㄚˇ,ㄆㄚ,pa3,pa
ㄆㄚˋ,ㄆㄚ,pa4,pa
˙ㄆㄚ,ㄆㄚ,pa5,pa
ㄆㄞ,ㄆㄞ,pai,pai
ㄆㄞˊ,ㄆㄞ,pai2,pai
ㄆㄞˇ,ㄆㄞ,pai3,pai
ㄆㄞˋ,ㄆㄞ,pai4,pai
ㄆㄢ,ㄆㄢ,pan,pan
ㄆㄢˊ,ㄆㄢ,pan2,pan
ㄆㄢˇ,ㄆㄢ,pan3,pan
ㄆㄢˋ,ㄆㄢ,pan4,pan
ㄆㄤ,ㄆㄤ,pang,pang
ㄆㄤˊ,ㄆㄤ,pang2,pang
ㄆㄤˇ,ㄆㄤ,pang3,pang
ㄆㄤˋ,ㄆㄤ,pang4,pang
ㄆㄠ,ㄆㄠ,pao,pao
ㄆㄠˊ,ㄆㄠ,pao2,pao
ㄆㄠˇ,ㄆㄠ,pao3,pao
ㄆㄠˋ,ㄆㄠ,pao4,pao
ㄆㄟ,ㄆㄟ,pei,pei
ㄆㄟˊ,ㄆㄟ,pei2,pei
ㄆㄟˇ,ㄆㄟ,pei3,pei
ㄆㄟˋ,ㄆㄟ,pei4,pei
ㄆㄣ,ㄆㄣ,pen,pen
ㄆㄣˊ,ㄆㄣ,pen2,pen
ㄆㄣˇ,ㄆㄣ,pen3,pen
ㄆㄣˋ,ㄆㄣ,pen4,pen
ㄆㄥ,ㄆㄥ,peng,peng
ㄆㄥˊ,ㄆㄥ,peng2,peng
ㄆㄥˇ,ㄆㄥ,peng3,peng
ㄆㄥˋ,ㄆㄥ,peng4,peng
ㄆㄧ,ㄆㄧ,pi,pi
ㄆㄧˊ,ㄆㄧ,pi2,pi
ㄆㄧˇ,ㄆㄧ,pi3,pi
ㄆㄧˋ,ㄆㄧ,pi4,pi
ㄆㄧㄚ,ㄆㄧㄚ,pia,pia
ㄆㄧㄢ,ㄆㄧㄢ,pian,pian
ㄆㄧㄢˊ,ㄆㄧㄢ,pian2,pian
ㄆㄧㄢˇ,ㄆㄧㄢ,pian3,pian
ㄆㄧㄢˋ,ㄆㄧㄢ,pian4,pian
ㄆㄧㄠ,ㄆㄧㄠ,piao,piao
ㄆㄧㄠˊ,ㄆㄧㄠ,piao2,piao
ㄆㄧㄠˇ,ㄆㄧㄠ,piao3,piao
ㄆㄧㄠˋ,ㄆㄧㄠ,piao4,piao
ㄆㄧㄝ,ㄆㄧㄝ,pie,pie
ㄆㄧㄝˇ,ㄆㄧㄝ,pie3,pie
ㄆㄧㄝˋ,ㄆㄧㄝ,pie4,pie
ㄆㄧㄣ,ㄆㄧㄣ,pin,pin
ㄆㄧㄣˊ,ㄆㄧㄣ,pin2,pin
ㄆㄧㄣˇ,ㄆㄧㄣ,pin3,pin
ㄆㄧㄣˋ,ㄆㄧㄣ,pin4,pin
ㄆㄧㄥ,ㄆㄧㄥ,ping,ping
ㄆㄧㄥˊ,ㄆㄧㄥ,ping2,ping
ㄆㄧㄥˇ,ㄆㄧㄥ,ping3,ping
ㄆㄧㄥˋ,ㄆㄧㄥ,ping4,ping
ㄆㄛ,ㄆㄛ,po,po
ㄆㄛˊ,ㄆㄛ,po2,po
ㄆㄛˇ,ㄆㄛ,po3,po
ㄆㄛˋ,ㄆㄛ,po4,po
ㄆㄡ,ㄆㄡ,pou,pou
ㄆㄡˊ,ㄆㄡ,pou2,pou
ㄆㄡˇ,ㄆㄡ,pou3,pou
ㄆㄡˋ,ㄆㄡ,pou4,pou
ㄆㄨ,ㄆㄨ,pu,pu
ㄆㄨˊ,ㄆㄨ,pu2,pu
ㄆㄨˇ,ㄆㄨ,pu3,pu
ㄆㄨˋ,ㄆㄨ,pu4,pu
˙ㄑ,ㄑ,q5,q
ㄑㄧ,ㄑㄧ,qi,qi
ㄑㄧˊ,ㄑㄧ,qi2,qi
ㄑㄧˇ,ㄑㄧ,qi3,qi
ㄑㄧˋ,ㄑㄧ,qi4,qi
ㄑㄧㄚ,ㄑㄧㄚ,qia,qia
ㄑㄧㄚˊ,ㄑㄧㄚ,qia2,qia
ㄑㄧㄚˇ,ㄑㄧㄚ,qia3,qia
ㄑㄧㄚˋ,ㄑㄧㄚ,qia4,qia
ㄑㄧㄢ,ㄑㄧㄢ,qian,qian
ㄑㄧㄢˊ,ㄑㄧㄢ,qian2,qian
ㄑㄧㄢˇ,ㄑㄧㄢ,qian3,qian
ㄑㄧㄢˋ,ㄑㄧㄢ,qian4,qian
ㄑㄧㄤ,ㄑㄧㄤ,qiang,qiang
ㄑㄧㄤˊ,ㄑㄧㄤ,qiang2,qiang
ㄑㄧㄤˇ,ㄑㄧㄤ,qiang3,qiang
ㄑㄧㄤˋ,ㄑㄧㄤ,qiang4,qiang
ㄑㄧㄠ,ㄑㄧㄠ,qiao,qiao
ㄑㄧㄠˊ,ㄑㄧㄠ,qiao2,qiao
ㄑㄧㄠˇ,ㄑㄧㄠ,qiao3,qiao
ㄑㄧㄠˋ,ㄑㄧㄠ,qiao4,qiao
ㄑㄧㄝ,ㄑㄧㄝ,qie,qie
ㄑㄧㄝˊ,ㄑㄧㄝ,qie2,qie
ㄑㄧㄝˇ,ㄑㄧㄝ,qie3,qie
ㄑㄧㄝˋ,ㄑㄧㄝ,qie4,qie
ㄑㄧㄣ,ㄑㄧㄣ,qin,qin
ㄑㄧㄣˊ,ㄑㄧㄣ,qin2,qin
ㄑㄧㄣˇ,ㄑㄧㄣ,qin3,qin
ㄑㄧㄣˋ,ㄑㄧㄣ,qin4,qin
ㄑㄧㄥ,ㄑㄧㄥ,qing,qing
ㄑㄧㄥˊ,ㄑㄧㄥ,qing2,qing
ㄑㄧㄥˇ,ㄑㄧㄥ,qing3,qing
ㄑㄧㄥˋ,ㄑㄧㄥ,qing4,qing
ㄑㄩㄥ,ㄑㄩㄥ,qiong,qiong
ㄑㄩㄥˊ,ㄑㄩㄥ,qiong2,qiong
ㄑㄩㄥˇ,ㄑㄩㄥ,qiong3,qiong
ㄑㄩㄥˋ,ㄑㄩㄥ,qiong4,qiong
ㄑㄧㄡ,ㄑㄧㄡ,qiu,qiu
ㄑㄧㄡˊ,ㄑㄧㄡ,qiu2,qiu
ㄑㄧㄡˇ,ㄑㄧㄡ,qiu3,qiu
ㄑㄧㄡˋ,ㄑㄧㄡ,qiu4,qiu
ㄑㄩ,ㄑㄩ,qu,qu
ㄑㄩˊ,ㄑㄩ,qu2,qu
ㄑㄩˇ,ㄑㄩ,qu3,qu
ㄑㄩˋ,ㄑㄩ,qu4,qu
ㄑㄩㄢ,ㄑㄩㄢ,quan,quan
ㄑㄩㄢˊ,ㄑㄩㄢ,quan2,quan
ㄑㄩㄢˇ,ㄑㄩㄢ,quan3,quan
ㄑㄩㄢˋ,ㄑㄩㄢ,quan4,quan
ㄑㄩㄝ,ㄑㄩㄝ,que,que
ㄑㄩㄝˊ,ㄑㄩㄝ,que2,que
ㄑㄩㄝˋ,ㄑㄩㄝ,que4,que
ㄑㄩㄣ,ㄑㄩㄣ,qun,qun
ㄑㄩㄣˊ,ㄑㄩㄣ,qun2,qun
ㄑㄩㄣˇ,ㄑㄩㄣ,qun3,qun
ㄑㄩㄣˋ,ㄑㄩㄣ,qun4,qun
ㄖㄢˊ,ㄖㄢ,ran2,ran
ㄖㄢˇ,ㄖㄢ,ran3,ran
ㄖㄢˋ,ㄖㄢ,ran4,ran
ㄖㄤ,ㄖㄤ,rang,rang
ㄖㄤˊ,ㄖㄤ,rang2,rang
ㄖㄤˇ,ㄖㄤ,rang3,rang
ㄖㄤˋ,ㄖㄤ,rang4,rang
ㄖㄠˊ,ㄖㄠ,rao2,rao
ㄖㄠˇ,ㄖㄠ,rao3,rao
ㄖㄠˋ,ㄖㄠ,rao4,rao
ㄖㄜˇ,ㄖㄜ,re3,re
ㄖㄜˋ,ㄖㄜ,re4,re
ㄖㄣˊ,ㄖㄣ,ren2,ren
ㄖㄣˇ,ㄖㄣ,ren3,ren
ㄖㄣˋ,ㄖㄣ,ren4,ren
ㄖㄥ,ㄖㄥ,reng,reng
ㄖㄥˊ,ㄖㄥ,reng2,reng
ㄖㄥˇ,ㄖㄥ,reng3,reng
ㄖㄥˋ,ㄖㄥ,reng4,reng
ㄖˋ,ㄖ,ri4,ri
ㄖㄨㄥˊ,ㄖㄨㄥ,rong2,rong
ㄖㄨㄥˇ,ㄖㄨㄥ,rong3,rong
ㄖㄨㄥˋ,ㄖㄨㄥ,rong4,rong
ㄖㄡˊ,ㄖㄡ,rou2,rou
ㄖㄡˇ,ㄖㄡ,rou3,rou
ㄖㄡˋ,ㄖㄡ,rou4,rou
ㄖㄨˊ,ㄖㄨ,ru2,ru
ㄖㄨˇ,ㄖㄨ,ru3,ru
ㄖㄨˋ,ㄖㄨ,ru4,ru
ㄖㄨㄢˊ,ㄖㄨㄢ,ruan2,ruan
ㄖㄨㄢˇ,ㄖㄨㄢ,ruan3,ruan
ㄖㄨㄢˋ,ㄖㄨㄢ,ruan4,ruan
ㄖㄨㄟˊ,ㄖㄨㄟ,rui2,rui
ㄖㄨㄟˇ,ㄖㄨㄟ,rui3,rui
ㄖㄨㄟˋ,ㄖㄨㄟ,rui4,rui
ㄖㄨㄣˊ,ㄖㄨㄣ,run2,run
ㄖㄨㄣˇ,ㄖㄨㄣ,run3,run
ㄖㄨㄣˋ,ㄖㄨㄣ,run4,run
ㄖㄨㄛˊ,ㄖㄨㄛ,ruo2,ruo
ㄖㄨㄛˋ,ㄖㄨㄛ,ruo4,ruo
ㄙㄚ,ㄙㄚ,sa,sa
ㄙㄚˇ,ㄙㄚ,sa3,sa
ㄙㄚˋ,ㄙㄚ,sa4,sa
˙ㄙㄚ,ㄙㄚ,sa5,sa
ㄙㄞ,ㄙㄞ,sai,sai
ㄙㄞˊ,ㄙㄞ,sai2,sai
ㄙㄞˇ,ㄙㄞ,sai3,sai
ㄙㄞˋ,ㄙㄞ,sai4,sai
ㄙㄢ,ㄙㄢ,san,san
ㄙㄢˇ,ㄙㄢ,san3,san
ㄙㄢˋ,ㄙㄢ,san4,san
ㄙㄤ,ㄙㄤ,sang,sang
ㄙㄤˇ,ㄙㄤ,sang3,sang
ㄙㄤˋ,ㄙㄤ,sang4,sang
ㄙㄠ,ㄙㄠ,sao,sao
ㄙㄠˇ,ㄙㄠ,sao3,sao
ㄙㄠˋ,ㄙㄠ,sao4,sao
ㄙㄜ,ㄙㄜ,se,se
ㄙㄜˋ,ㄙㄜ,se4,se
ㄙㄟ,ㄙㄟ,sei,sei
ㄙㄣ,ㄙㄣ,sen,sen
ㄙㄣˇ,ㄙㄣ,sen3,sen
ㄙㄥ,ㄙㄥ,seng,seng
ㄙㄥˋ,ㄙㄥ,seng4,seng
ㄕㄚ,ㄕㄚ,sha,sha
ㄕㄚˊ,ㄕㄚ,sha2,sha
ㄕㄚˇ,ㄕㄚ,sha3,sha
ㄕㄚˋ,ㄕㄚ,sha4,sha
˙ㄕㄚ,ㄕㄚ,sha5,sha
ㄕㄞ,ㄕㄞ,shai,shai
ㄕㄞˇ,ㄕㄞ,shai3,shai
ㄕㄞˋ,ㄕㄞ,shai4,shai
ㄕㄢ,ㄕㄢ,shan,shan
ㄕㄢˊ,ㄕㄢ,shan2,shan
ㄕㄢˇ,ㄕㄢ,shan3,shan
ㄕㄢˋ,ㄕㄢ,shan4,shan
ㄕㄤ,ㄕㄤ,shang,shang
ㄕㄤˇ,ㄕㄤ,shang3,shang
ㄕㄤˋ,ㄕㄤ,shang4,shang
˙ㄕㄤ,ㄕㄤ,shang5,shang
ㄕㄠ,ㄕㄠ,shao,shao
ㄕㄠˊ,ㄕㄠ,shao2,shao
ㄕㄠˇ,ㄕㄠ,shao3,shao
ㄕㄠˋ,ㄕㄠ,shao4,shao
ㄕㄜ,ㄕㄜ,she,she
ㄕㄜˊ,ㄕㄜ,she2,she
ㄕㄜˇ,ㄕㄜ,she3,she
ㄕㄜˋ,ㄕㄜ,she4,she
ㄕㄟˊ,ㄕㄟ,shei2,shei
ㄕㄣ,ㄕㄣ,shen,shen
ㄕㄣˊ,ㄕㄣ,shen2,shen
ㄕㄣˇ,ㄕㄣ,shen3,shen
ㄕㄣˋ,ㄕㄣ,shen4,shen
ㄕㄥ,ㄕㄥ,sheng,sheng
ㄕㄥˊ,ㄕㄥ,sheng2,sheng
ㄕㄥˇ,ㄕㄥ,sheng3,sheng
ㄕㄥˋ,ㄕㄥ,sheng4,sheng
ㄕ,ㄕ,shi,shi
ㄕˊ,ㄕ,shi2,shi
ㄕˇ,ㄕ,shi3,shi
ㄕˋ,ㄕ,shi4,shi
˙ㄕ,ㄕ,shi5,shi
ㄕㄡ,ㄕㄡ,shou,shou
ㄕㄡˊ,ㄕㄡ,shou2,shou
ㄕㄡˇ,ㄕㄡ,shou3,shou
ㄕㄡˋ,ㄕㄡ,shou4,shou
ㄕㄨ,ㄕㄨ,shu,shu
ㄕㄨˊ,ㄕㄨ,shu2,shu
ㄕㄨˇ,ㄕㄨ,shu3,shu
ㄕㄨˋ,ㄕㄨ,shu4,shu
ㄕㄨㄚ,ㄕㄨㄚ,shua,shua
ㄕㄨㄚˇ,ㄕㄨㄚ,shua3,shua
ㄕㄨㄚˋ,ㄕㄨㄚ,shua4,shua
ㄕㄨㄞ,ㄕㄨㄞ,shuai,shuai
ㄕㄨㄞˇ,ㄕㄨㄞ,shuai3,shuai
ㄕㄨㄞˋ,ㄕㄨㄞ,shuai4,shuai
ㄕㄨㄢ,ㄕㄨㄢ,shuan,shuan
ㄕㄨㄢˋ,ㄕㄨㄢ,shuan4,shuan
ㄕㄨㄤ,ㄕㄨㄤ,shuang,shuang
ㄕㄨㄤˊ,ㄕㄨㄤ,shuang2,shuang
ㄕㄨㄤˇ,ㄕㄨㄤ,shuang3,shuang
ㄕㄨㄤˋ,ㄕㄨㄤ,shuang4,shuang
ㄕㄨㄟ,ㄕㄨㄟ,shui,shui
ㄕㄨㄟˊ,ㄕㄨㄟ,shui2,shui
ㄕㄨㄟˇ,ㄕㄨㄟ,shui3,shui
ㄕㄨㄟˋ,ㄕㄨㄟ,shui4,shui
ㄕㄨㄣˇ,ㄕㄨㄣ,shun3,shun
ㄕㄨㄣˋ,ㄕㄨㄣ,shun4,shun
ㄕㄨㄛ,ㄕㄨㄛ,shuo,shuo
ㄕㄨㄛˋ,ㄕㄨㄛ,shuo4,shuo
ㄙ,ㄙ,si,si
ㄙˇ,ㄙ,si3,si
ㄙˋ,ㄙ,si4,si
ㄙㄨㄥ,ㄙㄨㄥ,song,song
ㄙㄨㄥˊ,ㄙㄨㄥ,song2,song
ㄙㄨㄥˇ,ㄙㄨㄥ,song3,song
ㄙㄨㄥˋ,ㄙㄨㄥ,song4,song
ㄙㄡ,ㄙㄡ,sou,sou
ㄙㄡˇ,ㄙㄡ,sou3,sou
ㄙㄡˋ,ㄙㄡ,sou4,sou
ㄙㄨ,ㄙㄨ,su,su
ㄙㄨˊ,ㄙㄨ,su2,su
ㄙㄨˇ,ㄙㄨ,su3,su
ㄙㄨˋ,ㄙㄨ,su4,su
ㄙㄨㄢ,ㄙㄨㄢ,suan,suan
ㄙㄨㄢˇ,ㄙㄨㄢ,suan3,suan
ㄙㄨㄢˋ,ㄙㄨㄢ,suan4,suan
ㄙㄨㄟ,ㄙㄨㄟ,sui,sui
ㄙㄨㄟˊ,ㄙㄨㄟ,sui2,sui
ㄙㄨㄟˇ,ㄙㄨㄟ,sui3,sui
ㄙㄨㄟˋ,ㄙㄨㄟ,sui4,sui
ㄙㄨㄣ,ㄙㄨㄣ,sun,sun
ㄙㄨㄣˇ,ㄙㄨㄣ,sun3,sun
ㄙㄨㄣˋ,ㄙㄨㄣ,sun4,sun
ㄙㄨㄛ,ㄙㄨㄛ,suo,suo
ㄙㄨㄛˊ,ㄙㄨㄛ,suo2,suo
ㄙㄨㄛˇ,ㄙㄨㄛ,suo3,suo
ㄙㄨㄛˋ,ㄙㄨㄛ,suo4,suo
ㄊㄚ,ㄊㄚ,ta,ta
ㄊㄚˇ,ㄊㄚ,ta3,ta
ㄊㄚˋ,ㄊㄚ,ta4,ta
ㄊㄞ,ㄊㄞ,tai,tai
ㄊㄞˊ,ㄊㄞ,tai2,tai
ㄊㄞˇ,ㄊㄞ,tai3,tai
ㄊㄞˋ,ㄊㄞ,tai4,tai
˙ㄊㄞ,ㄊㄞ,tai5,tai
ㄊㄢ,ㄊㄢ,tan,tan
ㄊㄢˊ,ㄊㄢ,tan2,tan
ㄊㄢˇ,ㄊㄢ,tan3,tan
ㄊㄢˋ,ㄊㄢ,tan4,tan
ㄊㄤ,ㄊㄤ,tang,tang
ㄊㄤˊ,ㄊㄤ,tang2,tang
ㄊㄤˇ,ㄊㄤ,tang3,tang
ㄊㄤˋ,ㄊㄤ,tang4,tang
ㄊㄠ,ㄊㄠ,tao,tao
ㄊㄠˊ,ㄊㄠ,tao2,tao
ㄊㄠˇ,ㄊㄠ,tao3,tao
ㄊㄠˋ,ㄊㄠ,tao4,tao
˙ㄊㄠ,ㄊㄠ,tao5,tao
ㄊㄜˋ,ㄊㄜ,te4,te
ㄊㄥ,ㄊㄥ,teng,teng
ㄊㄥˊ,ㄊㄥ,teng2,teng
ㄊㄥˋ,ㄊㄥ,teng4,teng
ㄊㄧ,ㄊㄧ,ti,ti
ㄊㄧˊ,ㄊㄧ,ti2,ti
ㄊㄧˇ,ㄊㄧ,ti3,ti
ㄊㄧˋ,ㄊㄧ,ti4,ti
ㄊㄧㄢ,ㄊㄧㄢ,tian,tian
ㄊㄧㄢˊ,ㄊㄧㄢ,tian2,tian
ㄊㄧㄢˇ,ㄊㄧㄢ,tian3,tian
ㄊㄧㄢˋ,ㄊㄧㄢ,tian4,tian
ㄊㄧㄠ,ㄊㄧㄠ,tiao,tiao
ㄊㄧㄠˊ,ㄊㄧㄠ,tiao2,tiao
ㄊㄧㄠˇ,ㄊㄧㄠ,tiao3,tiao
ㄊㄧㄠˋ,ㄊㄧㄠ,tiao4,tiao
ㄊㄧㄝ,ㄊㄧㄝ,tie,tie
ㄊㄧㄝˊ,ㄊㄧㄝ,tie2,tie
ㄊㄧㄝˇ,ㄊㄧㄝ,tie3,tie
ㄊㄧㄝˋ,ㄊㄧㄝ,tie4,tie
ㄊㄧㄥ,ㄊㄧㄥ,ting,ting
ㄊㄧㄥˊ,ㄊㄧㄥ,ting2,ting
ㄊㄧㄥˇ,ㄊㄧㄥ,ting3,ting
ㄊㄧㄥˋ,ㄊㄧㄥ,ting4,ting
ㄊㄨㄥ,ㄊㄨㄥ,tong,tong
ㄊㄨㄥˊ,ㄊㄨㄥ,tong2,tong
ㄊㄨㄥˇ,ㄊㄨㄥ,tong3,tong
ㄊㄨㄥˋ,ㄊㄨㄥ,tong4,tong
ㄊㄡ,ㄊㄡ,tou,tou
ㄊㄡˊ,ㄊㄡ,tou2,tou
ㄊㄡˇ,ㄊㄡ,tou3,tou
ㄊㄡˋ,ㄊㄡ,tou4,tou
˙ㄊㄡ,ㄊㄡ,tou5,tou
ㄊㄨ,ㄊㄨ,tu,tu
ㄊㄨˊ,ㄊㄨ,tu2,tu
ㄊㄨˇ,ㄊㄨ,tu3,tu
ㄊㄨˋ,ㄊㄨ,tu4,tu
ㄊㄨㄢ,ㄊㄨㄢ,tuan,tuan
ㄊㄨㄢˊ,ㄊㄨㄢ,tuan2,tuan
ㄊㄨㄢˇ,ㄊㄨㄢ,tuan3,tuan
ㄊㄨㄢˋ,ㄊㄨㄢ,tuan4,tuan
ㄊㄨㄟ,ㄊㄨㄟ,tui,tui
ㄊㄨㄟˊ,ㄊㄨㄟ,tui2,tui
ㄊㄨㄟˇ,ㄊㄨㄟ,tui3,tui
ㄊㄨㄟˋ,ㄊㄨㄟ,tui4,tui
ㄊㄨㄣ,ㄊㄨㄣ,tun,tun
ㄊㄨㄣˊ,ㄊㄨㄣ,tun2,tun
ㄊㄨㄣˇ,ㄊㄨㄣ,tun3,tun
ㄊㄨㄣˋ,ㄊㄨㄣ,tun4,tun
ㄊㄨㄛ,ㄊㄨㄛ,tuo,tuo
ㄊㄨㄛˊ,ㄊㄨㄛ,tuo2,tuo
ㄊㄨㄛˇ,ㄊㄨㄛ,tuo3,tuo
ㄊㄨㄛˋ,ㄊㄨㄛ,tuo4,tuo
ㄨㄚ,ㄨㄚ,wa,wa
ㄨㄚˊ,ㄨㄚ,wa2,wa
ㄨㄚˇ,ㄨㄚ,wa3,wa
ㄨㄚˋ,ㄨㄚ,wa4,wa
˙ㄨㄚ,ㄨㄚ,wa5,wa
ㄨㄞ,ㄨㄞ,wai,wai
ㄨㄞˇ,ㄨㄞ,wai3,wai
ㄨㄞˋ,ㄨㄞ,wai4,wai
ㄨㄢ,ㄨㄢ,wan,wan
ㄨㄢˊ,ㄨㄢ,wan2,wan
ㄨㄢˇ,ㄨㄢ,wan3,wan
ㄨㄢˋ,ㄨㄢ,wan4,wan
ㄨㄤ,ㄨㄤ,wang,wang
ㄨㄤˊ,ㄨㄤ,wang2,wang
ㄨㄤˇ,ㄨㄤ,wang3,wang
ㄨㄤˋ,ㄨㄤ,wang4,wang
ㄨㄟ,ㄨㄟ,wei,wei
ㄨㄟˊ,ㄨㄟ,wei2,wei
ㄨㄟˇ,ㄨㄟ,wei3,wei
ㄨㄟˋ,ㄨㄟ,wei4,wei
ㄨㄣ,ㄨㄣ,wen,wen
ㄨㄣˊ,ㄨㄣ,wen2,wen
ㄨㄣˇ,ㄨㄣ,wen3,wen
ㄨㄣˋ,ㄨㄣ,wen4,wen
ㄨㄥ,ㄨㄥ,weng,weng
ㄨㄥˇ,ㄨㄥ,weng3,weng
ㄨㄥˋ,ㄨㄥ,weng4,weng
ㄨㄛ,ㄨㄛ,wo,wo
ㄨㄛˇ,ㄨㄛ,wo3,wo
ㄨㄛˋ,ㄨㄛ,wo4,wo
ㄨ,ㄨ,wu,wu
ㄨˊ,ㄨ,wu2,wu
ㄨˇ,ㄨ,wu3,wu
ㄨˋ,ㄨ,wu4,wu
ㄒㄧ,ㄒㄧ,xi,xi
ㄒㄧˊ,ㄒㄧ,xi2,xi
ㄒㄧˇ,ㄒㄧ,xi3,xi
ㄒㄧˋ,ㄒㄧ,xi4,xi
ㄒㄧㄚ,ㄒㄧㄚ,xia,xia
ㄒㄧㄚˊ,ㄒㄧㄚ,xia2,xia
ㄒㄧㄚˇ,ㄒㄧㄚ,xia3,xia
ㄒㄧㄚˋ,ㄒㄧㄚ,xia4,xia
ㄒㄧㄢ,ㄒㄧㄢ,xian,xian
ㄒㄧㄢˊ,ㄒㄧㄢ,xian2,xian
ㄒㄧㄢˇ,ㄒㄧㄢ,xian3,xian
ㄒㄧㄢˋ,ㄒㄧㄢ,xian4,xian
ㄒㄧㄤ,ㄒㄧㄤ,xiang,xiang
ㄒㄧㄤˊ,ㄒㄧㄤ,xiang2,xiang
ㄒㄧㄤˇ,ㄒㄧㄤ,xiang3,xiang
ㄒㄧㄤˋ,ㄒㄧㄤ,xiang4,xiang
ㄒㄧㄠ,ㄒㄧㄠ,xiao,xiao
ㄒㄧㄠˊ,ㄒㄧㄠ,xiao2,xiao
ㄒㄧㄠˇ,ㄒㄧㄠ,xiao3,xiao
ㄒㄧㄠˋ,ㄒㄧㄠ,xiao4,xiao
ㄒㄧㄝ,ㄒㄧㄝ,xie,xie
ㄒㄧㄝˊ,ㄒㄧㄝ,xie2,xie
ㄒㄧㄝˇ,ㄒㄧㄝ,xie3,xie
ㄒㄧㄝˋ,ㄒㄧㄝ,xie4,xie
ㄒㄧㄣ,ㄒㄧㄣ,xin,xin
ㄒㄧㄣˊ,ㄒㄧㄣ,xin2,xin
ㄒㄧㄣˇ,ㄒㄧㄣ,xin3,xin
ㄒㄧㄣˋ,ㄒㄧㄣ,xin4,xin
ㄒㄧㄥ,ㄒㄧㄥ,xing,xing
ㄒㄧㄥˊ,ㄒㄧㄥ,xing2,xing
ㄒㄧㄥˇ,ㄒㄧㄥ,xing3,xing
ㄒㄧㄥˋ,ㄒㄧㄥ,xing4,xing
ㄒㄩㄥ,ㄒㄩㄥ,xiong,xiong
ㄒㄩㄥˊ,ㄒㄩㄥ,xiong2,xiong
ㄒㄩㄥˇ,ㄒㄩㄥ,xiong3,xiong
ㄒㄩㄥˋ,ㄒㄩㄥ,xiong4,xiong
ㄒㄧㄡ,ㄒㄧㄡ,xiu,xiu
ㄒㄧㄡˊ,ㄒㄧㄡ,xiu2,xiu
ㄒㄧㄡˇ,ㄒㄧㄡ,xiu3,xiu
ㄒㄧㄡˋ,ㄒㄧㄡ,xiu4,xiu
ㄒㄩ,ㄒㄩ,xu,xu
ㄒㄩˊ,ㄒㄩ,xu2,xu
ㄒㄩˇ,ㄒㄩ,xu3,xu
ㄒㄩˋ,ㄒㄩ,xu4,xu
ㄒㄩㄢ,ㄒㄩㄢ,xuan,xuan
ㄒㄩㄢˊ,ㄒㄩㄢ,xuan2,xuan
ㄒㄩㄢˇ,ㄒㄩㄢ,xuan3,xuan
ㄒㄩㄢˋ,ㄒㄩㄢ,xuan4,xuan
ㄒㄩㄝ,ㄒㄩㄝ,xue,xue
ㄒㄩㄝˊ,ㄒㄩㄝ,xue2,xue
ㄒㄩㄝˇ,ㄒㄩㄝ,xue3,xue
ㄒㄩㄝˋ,ㄒㄩㄝ,xue4,xue
ㄒㄩㄣ,ㄒㄩㄣ,xun,xun
ㄒㄩㄣˊ,ㄒㄩㄣ,xun2,xun
ㄒㄩㄣˋ,ㄒㄩㄣ,xun4,xun
ㄧㄚ,ㄧㄚ,ya,ya
ㄧㄚˊ,ㄧㄚ,ya2,ya
ㄧㄚˇ,ㄧㄚ,ya3,ya
ㄧㄚˋ,ㄧㄚ,ya4,ya
˙ㄧㄚ,ㄧㄚ,ya5,ya
ㄧㄞˊ,ㄧㄞ,yai2,yai
ㄧㄢ,ㄧㄢ,yan,yan
ㄧㄢˊ,ㄧㄢ,yan2,yan
ㄧㄢˇ,ㄧㄢ,yan3,yan
ㄧㄢˋ,ㄧㄢ,yan4,yan
ㄧㄤ,ㄧㄤ,yang,yang
ㄧㄤˊ,ㄧㄤ,yang2,yang
ㄧㄤˇ,ㄧㄤ,yang3,yang
ㄧㄤˋ,ㄧㄤ,yang4,yang
ㄧㄠ,ㄧㄠ,yao,yao
ㄧㄠˊ,ㄧㄠ,yao2,yao
ㄧㄠˇ,ㄧㄠ,yao3,yao
ㄧㄠˋ,ㄧㄠ,yao4,yao
ㄧㄝ,ㄧㄝ,ye,ye
ㄧㄝˊ,ㄧㄝ,ye2,ye
ㄧㄝˇ,ㄧㄝ,ye3,ye
ㄧㄝˋ,ㄧㄝ,ye4,ye
˙ㄧㄝ,ㄧㄝ,ye5,ye
ㄧ,ㄧ,yi,yi
ㄧˊ,ㄧ,yi2,yi
ㄧˇ,ㄧ,yi3,yi
ㄧˋ,ㄧ,yi4,yi
ㄧㄣ,ㄧㄣ,yin,yin
ㄧㄣˊ,ㄧㄣ,yin2,yin
ㄧㄣˇ,ㄧㄣ,yin3,yin
ㄧㄣˋ,ㄧㄣ,yin4,yin
ㄧㄥ,ㄧㄥ,ying,ying
ㄧㄥˊ,ㄧㄥ,ying2,ying
ㄧㄥˇ,ㄧㄥ,ying3,ying
ㄧㄥˋ,ㄧㄥ,ying4,ying
ㄧㄛ,ㄧㄛ,yo,yo
˙ㄧㄛ,ㄧㄛ,yo5,yo
ㄩㄥ,ㄩㄥ,yong,yong
ㄩㄥˊ,ㄩㄥ,yong2,yong
ㄩㄥˇ,ㄩㄥ,yong3,yong
ㄩㄥˋ,ㄩㄥ,yong4,yong
ㄧㄡ,ㄧㄡ,you,you
ㄧㄡˊ,ㄧㄡ,you2,you
ㄧㄡˇ,ㄧㄡ,you3,you
ㄧㄡˋ,ㄧㄡ,you4,you
ㄩ,ㄩ,yu,yu
ㄩˊ,ㄩ,yu2,yu
ㄩˇ,ㄩ,yu3,yu
ㄩˋ,ㄩ,yu4,yu
ㄩㄢ,ㄩㄢ,yuan,yuan
ㄩㄢˊ,ㄩㄢ,yuan2,yuan
ㄩㄢˇ,ㄩㄢ,yuan3,yuan
ㄩㄢˋ,ㄩㄢ,yuan4,yuan
ㄩㄝ,ㄩㄝ,yue,yue
ㄩㄝˇ,ㄩㄝ,yue3,yue
ㄩㄝˋ,ㄩㄝ,yue4,yue
ㄩㄣ,ㄩㄣ,yun,yun
ㄩㄣˊ,ㄩㄣ,yun2,yun
ㄩㄣˇ,ㄩㄣ,yun3,yun
ㄩㄣˋ,ㄩㄣ,yun4,yun
ㄗㄚ,ㄗㄚ,za,za
ㄗㄚˊ,ㄗㄚ,za2,za
ㄗㄚˇ,ㄗㄚ,za3,za
ㄗㄞ,ㄗㄞ,zai,zai
ㄗㄞˇ,ㄗㄞ,zai3,zai
ㄗㄞˋ,ㄗㄞ,zai4,zai
ㄗㄢ,ㄗㄢ,zan,zan
ㄗㄢˊ,ㄗㄢ,zan2,zan
ㄗㄢˇ,ㄗㄢ,zan3,zan
ㄗㄢˋ,ㄗㄢ,zan4,zan
ㄗㄤ,ㄗㄤ,zang,zang
ㄗㄤˇ,ㄗㄤ,zang3,zang
ㄗㄤˋ,ㄗㄤ,zang4,zang
ㄗㄠ,ㄗㄠ,zao,zao
ㄗㄠˊ,ㄗㄠ,zao2,zao
ㄗㄠˇ,ㄗㄠ,zao3,zao
ㄗㄠˋ,ㄗㄠ,zao4,zao
ㄗㄜˊ,ㄗㄜ,ze2,ze
ㄗㄜˇ,ㄗㄜ,ze3,ze
ㄗㄜˋ,ㄗㄜ,ze4,ze
ㄗㄟˊ,ㄗㄟ,zei2,zei
ㄗㄣ,ㄗㄣ,zen,zen
ㄗㄣˇ,ㄗㄣ,zen3,zen
ㄗㄣˋ,ㄗㄣ,zen4,zen
ㄗㄥ,ㄗㄥ,zeng,zeng
ㄗㄥˇ,ㄗㄥ,zeng3,zeng
ㄗㄥˋ,ㄗㄥ,zeng4,zeng
ㄓㄚ,ㄓㄚ,zha,zha
ㄓㄚˊ,ㄓㄚ,zha2,zha
ㄓㄚˇ,ㄓㄚ,zha3,zha
ㄓㄚˋ,ㄓㄚ,zha4,zha
ㄓㄞ,ㄓㄞ,zhai,zhai
ㄓㄞˊ,ㄓㄞ,zhai2,zhai
ㄓㄞˇ,ㄓㄞ,zhai3,zhai
ㄓㄞˋ,ㄓㄞ,zhai4,zhai
ㄓㄢ,ㄓㄢ,zhan,zhan
ㄓㄢˇ,ㄓㄢ,zhan3,zhan
ㄓㄢˋ,ㄓㄢ,zhan4,zhan
ㄓㄤ,ㄓㄤ,zhang,zhang
ㄓㄤˇ,ㄓㄤ,zhang3,zhang
ㄓㄤˋ,ㄓㄤ,zhang4,zhang
ㄓㄠ,ㄓㄠ,zhao,zhao
ㄓㄠˊ,ㄓㄠ,zhao2,zhao
ㄓㄠˇ,ㄓㄠ,zhao3,zhao
ㄓㄠˋ,ㄓㄠ,zhao4,zhao
ㄓㄜ,ㄓㄜ,zhe,zhe
ㄓㄜˊ,ㄓㄜ,zhe2,zhe
ㄓㄜˇ,ㄓㄜ,zhe3,zhe
ㄓㄜˋ,ㄓㄜ,zhe4,zhe
˙ㄓㄜ,ㄓㄜ,zhe5,zhe
ㄓㄟˋ,ㄓㄟ,zhei4,zhei
ㄓㄣ,ㄓㄣ,zhen,zhen
ㄓㄣˊ,ㄓㄣ,zhen2,zhen
ㄓㄣˇ,ㄓㄣ,zhen3,zhen
ㄓㄣˋ,ㄓㄣ,zhen4,zhen
ㄓㄥ,ㄓㄥ,zheng,zheng
ㄓㄥˇ,ㄓㄥ,zheng3,zheng
ㄓㄥˋ,ㄓㄥ,zheng4,zheng
ㄓ,ㄓ,zhi,zhi
ㄓˊ,ㄓ,zhi2,zhi
ㄓˇ,ㄓ,zhi3,zhi
ㄓˋ,ㄓ,zhi4,zhi
ㄓㄨㄥ,ㄓㄨㄥ,zhong,zhong
ㄓㄨㄥˇ,ㄓㄨㄥ,zhong3,zhong
ㄓㄨㄥˋ,ㄓㄨㄥ,zhong4,zhong
ㄓㄡ,ㄓㄡ,zhou,zhou
ㄓㄡˊ,ㄓㄡ,zhou2,zhou
ㄓㄡˇ,ㄓㄡ,zhou3,zhou
ㄓㄡˋ,ㄓㄡ,zhou4,zhou
ㄓㄨ,ㄓㄨ,zhu,zhu
ㄓㄨˊ,ㄓㄨ,zhu2,zhu
ㄓㄨˇ,ㄓㄨ,zhu3,zhu
ㄓㄨˋ,ㄓㄨ,zhu4,zhu
ㄓㄨㄚ,ㄓㄨㄚ,zhua,zhua
ㄓㄨㄚˇ,ㄓㄨㄚ,zhua3,zhua
ㄓㄨㄞ,ㄓㄨㄞ,zhuai,zhuai
ㄓㄨㄞˇ,ㄓㄨㄞ,zhuai3,zhuai
ㄓㄨㄞˋ,ㄓㄨㄞ,zhuai4,zhuai
ㄓㄨㄢ,ㄓㄨㄢ,zhuan,zhuan
ㄓㄨㄢˇ,ㄓㄨㄢ,zhuan3,zhuan
ㄓㄨㄢˋ,ㄓㄨㄢ,zhuan4,zhuan
ㄓㄨㄤ,ㄓㄨㄤ,zhuang,zhuang
ㄓㄨㄤˇ,ㄓㄨㄤ,zhuang3,zhuang
ㄓㄨㄤˋ,ㄓㄨㄤ,zhuang4,zhuang
ㄓㄨㄟ,ㄓㄨㄟ,zhui,zhui
ㄓㄨㄟˇ,ㄓㄨㄟ,zhui3,zhui
ㄓㄨㄟˋ,ㄓㄨㄟ,zhui4,zhui
ㄓㄨㄣ,ㄓㄨㄣ,zhun,zhun
ㄓㄨㄣˇ,ㄓㄨㄣ,zhun3,zhun
ㄓㄨㄣˋ,ㄓㄨㄣ,zhun4,zhun
ㄓㄨㄛ,ㄓㄨㄛ,zhuo,zhuo
ㄓㄨㄛˊ,ㄓㄨㄛ,zhuo2,zhuo
ㄓㄨㄛˋ,ㄓㄨㄛ,zhuo4,zhuo
ㄗ,ㄗ,zi,zi
ㄗˊ,ㄗ,zi2,zi
ㄗˇ,ㄗ,zi3,zi
ㄗˋ,ㄗ,zi4,zi
˙ㄗ,ㄗ,zi5,zi
ㄗㄨㄥ,ㄗㄨㄥ,zong,zong
ㄗㄨㄥˇ,ㄗㄨㄥ,zong3,zong
ㄗㄨㄥˋ,ㄗㄨㄥ,zong4,zong
ㄗㄡ,ㄗㄡ,zou,zou
ㄗㄡˇ,ㄗㄡ,zou3,zou
ㄗㄡˋ,ㄗㄡ,zou4,zou
ㄗㄨ,ㄗㄨ,zu,zu
ㄗㄨˊ,ㄗㄨ,zu2,zu
ㄗㄨˇ,ㄗㄨ,zu3,zu
ㄗㄨˋ,ㄗㄨ,zu4,zu
ㄗㄨㄢ,ㄗㄨㄢ,zuan,zuan
ㄗㄨㄢˇ,ㄗㄨㄢ,zuan3,zuan
ㄗㄨㄢˋ,ㄗㄨㄢ,zuan4,zuan
ㄗㄨㄟ,ㄗㄨㄟ,zui,zui
ㄗㄨㄟˇ,ㄗㄨㄟ,zui3,zui
ㄗㄨㄟˋ,ㄗㄨㄟ,zui4,zui
ㄗㄨㄣ,ㄗㄨㄣ,zun,zun
ㄗㄨㄣˇ,ㄗㄨㄣ,zun3,zun
ㄗㄨㄣˋ,ㄗㄨㄣ,zun4,zun
ㄗㄨㄛ,ㄗㄨㄛ,zuo,zuo
ㄗㄨㄛˊ,ㄗㄨㄛ,zuo2,zuo
ㄗㄨㄛˇ,ㄗㄨㄛ,zuo3,zuo
ㄗㄨㄛˋ,ㄗㄨㄛ,zuo4,zuo
˙ㄗㄨㄛ,ㄗㄨㄛ,zuo5,zuo
